Priority;Rank;Entity;Work status;Development status;Responsible dev;Group;Blockers;Entity ID;Requested priority;Provenance;Current Developer names;Dependency count;Dependencies;Notes;Created UTC;Schema updated UTC;Progress updated UTC
;1;time_zone;In progress;Reworking;;;;959792a3-2a99-4ba6-aaba-235a62344c3e;;CSV;;0;;;2026-09-27T08:01:28.1690426+00:00;2026-09-27T08:01:28.1690426+00:00;2026-09-30T05:13:48.8045705+00:00
;2;tax_category;Completed;Dev. completed;;;;c1f1440e-3d4f-4d7a-a7af-445ffed05dbb;;CSV;;0;;;2026-09-27T08:01:28.1690426+00:00;2026-09-27T08:01:28.1690426+00:00;2026-08-02T10:00:00.0000000+00:00
;3;currency_code;Ready;Rework needed;;;;6a5e38ad-4938-4621-bcba-3cf6a2cbb9d8;;CSV;;0;;;2026-09-27T08:01:28.1690426+00:00;2026-09-27T08:01:28.1690426+00:00;2026-07-14T10:00:00.0000000+00:00
;4;priority_level;Reconciled;Reconciled;;;;34a7cfcd-a8ed-47aa-aa5b-295ffa8c2b53;;CSV;;2;currency_code | time_zone;;2026-09-27T08:01:28.1690426+00:00;2026-09-27T08:01:28.1690426+00:00;2026-07-25T10:00:00.0000000+00:00
;5;document_type;Completed;Dev. completed;;;;328a9ffe-95dc-408d-bff9-9a971e14bfe4;;CSV;;0;;;2026-09-27T08:01:28.1690426+00:00;2026-09-27T08:01:28.1690426+00:00;2026-06-20T10:00:00.0000000+00:00
;6;country_code;Completed;Dev. completed;;;;f99e1a5f-5fb9-47b3-a75a-6124b7dadb10;;CSV;;0;;;2026-09-27T08:01:28.1690426+00:00;2026-09-27T08:01:28.1690426+00:00;2026-09-19T10:00:00.0000000+00:00
;7;region_code;In progress;In progress;;;;208c0c16-facc-453b-a386-372bc7741a17;;CSV;;0;;;2026-09-27T08:01:28.1690426+00:00;2026-09-27T08:01:28.1690426+00:00;2026-08-21T10:00:00.0000000+00:00
;8;measurement_unit;Reconciled;Reconciled;;;;b4b1d634-0af0-43f2-9a95-be9f6d8b1873;;CSV;;2;country_code | time_zone;;2026-09-27T08:01:28.1690426+00:00;2026-09-27T08:01:28.1690426+00:00;2026-07-01T10:00:00.0000000+00:00
;9;language_code;Reconciled;Reconciled;;;;2322fd87-d129-4f41-abce-6351e4952542;;CSV;;0;;;2026-09-27T08:01:28.1690426+00:00;2026-09-27T08:01:28.1690426+00:00;2026-07-24T10:00:00.0000000+00:00
;10;customer_preference;Ready;Rework needed;;;;e4eb7588-58ec-4cb2-97c5-b553d6260e6f;;CSV;;2;language_code | measurement_unit;;2026-09-27T08:01:28.1690426+00:00;2026-09-27T08:01:28.1690426+00:00;2026-08-20T10:00:00.0000000+00:00
;11;customer_account;In progress;In progress;;;;b744c9f2-ff2b-4386-9e5a-049d30b121a2;;CSV;;1;priority_level;;2026-09-27T08:01:28.1690426+00:00;2026-09-27T08:01:28.1690426+00:00;2026-08-06T10:00:00.0000000+00:00
;12;customer_address;In progress;In progress;;;;909c0171-995c-44fe-ac47-2e408f279f65;;CSV;;1;tax_category;;2026-09-27T08:01:28.1690426+00:00;2026-09-27T08:01:28.1690426+00:00;2026-07-20T10:00:00.0000000+00:00
;13;customer_contact;In progress;In progress;;;customer_account;97fa5838-0a70-4cf5-8737-67c9a6a6bc0d;;CSV;;4;country_code | customer_account | measurement_unit | tax_category;;2026-09-27T08:01:28.1690426+00:00;2026-09-27T08:01:28.1690426+00:00;2026-08-30T10:00:00.0000000+00:00
;14;customer_profile;Ready;Rework needed;;;;6c66a938-eec6-4a4a-ada6-301a0f266e43;;CSV;;2;document_type | tax_category;;2026-09-27T08:01:28.1690426+00:00;2026-09-27T08:01:28.1690426+00:00;2026-09-26T10:00:00.0000000+00:00
;15;skill_record;Waiting on dependencies;Not started;;;customer_account, customer_address;d74ec032-5e5a-45d2-ad20-2ffc3b6d4904;;CSV;;3;customer_account | customer_address | priority_level;;2026-09-27T08:01:28.1690426+00:00;2026-09-27T08:01:28.1690426+00:00;2026-06-10T10:00:00.0000000+00:00
;16;status_code;In progress;In progress;;;;1fb34e8b-dfc1-42fb-af27-aaadaabcd252;;CSV;;0;;;2026-09-27T08:01:28.1690426+00:00;2026-09-27T08:01:28.1690426+00:00;2026-08-15T10:00:00.0000000+00:00
;17;department_record;In progress;In progress;;;customer_address;5d50c411-f90d-44b7-90eb-36d4e09406ff;;CSV;;2;customer_address | tax_category;;2026-09-27T08:01:28.1690426+00:00;2026-09-27T08:01:28.1690426+00:00;2026-06-28T10:00:00.0000000+00:00
;18;sales_discount;In progress;In progress;;;;930cf0e9-c432-44f3-9644-5a0be2bbaba2;;CSV;;1;country_code;;2026-09-27T08:01:28.1690426+00:00;2026-09-27T08:01:28.1690426+00:00;2026-07-12T10:00:00.0000000+00:00
;19;warehouse_record;Waiting on dependencies;Not started;;;customer_address;51c1c368-56d8-40b0-9e7f-f7c772090109;;CSV;;2;customer_address | language_code;;2026-09-27T08:01:28.1690426+00:00;2026-09-27T08:01:28.1690426+00:00;2026-07-18T10:00:00.0000000+00:00
;20;product_record;Completed;Dev. completed;;;;9de8fd01-0a34-4cc6-a016-fd89ecc98855;;CSV;;1;priority_level;;2026-09-27T08:01:28.1690426+00:00;2026-09-27T08:01:28.1690426+00:00;2026-06-21T10:00:00.0000000+00:00
;21;qwerty;Ready;Not started;;;;f3e36ab7-3833-49aa-9be3-bf4dd5fef746;;Manual only;;0;;;2026-09-29T20:33:56.9602820+00:00;2026-09-29T20:33:56.9602820+00:00;2026-09-29T20:33:56.9602820+00:00
;22;sales_return;Reconciled;Reconciled;;;region_code;efd20670-3baa-4ec5-9746-39e1f6595b6b;;CSV;;3;measurement_unit | product_record | region_code;;2026-09-27T08:01:28.1690426+00:00;2026-09-27T08:01:28.1690426+00:00;2026-07-07T10:00:00.0000000+00:00
;23;asdf;Ready;Not started;;;;124572ec-d0e6-4e72-ae89-5234034e31ff;;Manual only;;0;;;2026-09-29T20:33:53.0946436+00:00;2026-09-29T20:33:53.0946436+00:00;2026-09-29T20:33:53.0946436+00:00
;24;expense_record;Completed;Dev. completed;;;customer_address;7b3873a9-88eb-4dc7-ae4d-2a1c65adc47f;;CSV;;2;customer_address | language_code;;2026-09-27T08:01:28.1690426+00:00;2026-09-27T08:01:28.1690426+00:00;2026-07-29T10:00:00.0000000+00:00
;25;lfdjl;Ready;Not started;;;;3fe07eb3-0f2a-470c-80c3-204a3406ce7f;;Manual only;;0;;;2026-09-29T20:34:05.7377346+00:00;2026-09-29T20:34:05.7377346+00:00;2026-09-29T20:34:05.7377346+00:00
;26;service_request_item;In progress;In progress;;;;095d55db-7470-4013-8e8c-3c9212210e64;;CSV;;1;language_code;;2026-09-27T08:01:28.1690426+00:00;2026-09-27T08:01:28.1690426+00:00;2026-06-28T10:00:00.0000000+00:00
;27;user_preference;Reconciled;Reconciled;;;;240f770d-6e22-4ada-951b-e139fad86535;;CSV;;1;measurement_unit;;2026-09-27T08:01:28.1690426+00:00;2026-09-27T08:01:28.1690426+00:00;2026-09-10T10:00:00.0000000+00:00
;28;zxcv;Ready;Not started;;;;a081a270-02dc-48e8-a651-f7874b413f0f;;Manual only;;0;;;2026-09-29T20:34:01.5513895+00:00;2026-09-29T20:34:01.5513895+00:00;2026-09-29T20:34:01.5513895+00:00
;;supplier_profile;Ready;Rework needed;;;region_code, space;23a409ca-a3ae-49b5-8267-ff51ac2ad40e;;CSV;;3;document_type | region_code | space;;2026-09-27T08:01:28.1690426+00:00;2026-09-27T08:01:28.1690426+00:00;2026-06-24T10:00:00.0000000+00:00
;;supplier_contact;Ready;Rework needed;;;structure;ae5a8dd5-d4a2-405f-b16a-9018f63af306;;CSV;;5;currency_code | document_type | priority_level | structure | tax_category;;2026-09-27T08:01:28.1690426+00:00;2026-09-27T08:01:28.1690426+00:00;2026-07-07T10:00:00.0000000+00:00
;;supplier_contract;Completed;Dev. completed;;;property;33b9001b-0ff1-4e90-aa20-be68609c962f;;CSV;;5;currency_code | measurement_unit | priority_level | property | supplier_profile;;2026-09-27T08:01:28.1690426+00:00;2026-09-27T08:01:28.1690426+00:00;2026-09-21T10:00:00.0000000+00:00
;;employee_record;Completed;Dev. completed;;;legal_entity, region_code;40d1ebd5-16e8-4d3e-823e-5eb891be6fe9;;CSV;;2;legal_entity | region_code;;2026-09-27T08:01:28.1690426+00:00;2026-09-27T08:01:28.1690426+00:00;2026-08-19T10:00:00.0000000+00:00
;;supplier_address;Reconciled;Reconciled;;;facility;2e17d562-10ff-4565-95b0-e9e2582f7a45;;CSV;;3;customer_preference | facility | priority_level;;2026-09-27T08:01:28.1690426+00:00;2026-09-27T08:01:28.1690426+00:00;2026-09-14T10:00:00.0000000+00:00
;;employee_role;In progress;In progress;;;customer_contact, space;e9b9339f-01eb-473e-b940-4fbd27138998;;CSV;;4;customer_contact | employee_record | space | supplier_address;;2026-09-27T08:01:28.1690426+00:00;2026-09-27T08:01:28.1690426+00:00;2026-08-18T10:00:00.0000000+00:00
;;team_record;Reconciled;Reconciled;;;employee_role;d41f5ba7-1296-4213-9745-ce5dd10028c5;;CSV;;3;employee_record | employee_role | language_code;;2026-09-27T08:01:28.1690426+00:00;2026-09-27T08:01:28.1690426+00:00;2026-07-01T10:00:00.0000000+00:00
;;stock_reservation;In progress;In progress;;;;119f0177-aafb-4e71-87f9-f7ec755ce21a;;CSV;;3;supplier_contact | tax_category | time_zone;;2026-09-27T08:01:28.1690426+00:00;2026-09-27T08:01:28.1690426+00:00;2026-08-18T10:00:00.0000000+00:00
;;supplier_account;In progress;In progress;;;unit;d4047d96-dcf9-463e-b0ad-56fe1d7a894b;;CSV;;2;tax_category | unit;;2026-09-27T08:01:28.1690426+00:00;2026-09-27T08:01:28.1690426+00:00;2026-08-06T10:00:00.0000000+00:00
;;employee_contact;Completed;Dev. completed;;;region_code, unit;129d978d-4b04-4db0-b016-d77913b01c70;;CSV;;5;customer_preference | measurement_unit | region_code | supplier_contact | unit;;2026-09-27T08:01:28.1690426+00:00;2026-09-27T08:01:28.1690426+00:00;2026-07-12T10:00:00.0000000+00:00
;;certification_record;Ready;Rework needed;;;supplier_account;aa623be9-d30d-4b51-84cf-5d9c934fe446;;CSV;;2;supplier_account | supplier_contract;;2026-09-27T08:01:28.1690426+00:00;2026-09-27T08:01:28.1690426+00:00;2026-09-19T10:00:00.0000000+00:00
;;position_record;In progress;In progress;;;;34f5ef60-b312-4734-b812-b43e310d0f7c;;CSV;;3;customer_profile | supplier_profile | team_record;;2026-09-27T08:01:28.1690426+00:00;2026-09-27T08:01:28.1690426+00:00;2026-06-08T10:00:00.0000000+00:00
;;sales_return_line;Completed;Dev. completed;;;stock_reservation;45560094-0594-41b0-882a-d8bec68ecdd7;;CSV;;2;stock_reservation | supplier_contract;;2026-09-27T08:01:28.1690426+00:00;2026-09-27T08:01:28.1690426+00:00;2026-09-07T10:00:00.0000000+00:00
;;employee_schedule;In progress;In progress;;;customer_address, facility;1b5118d6-a3d6-406d-a2a5-8ceddc1e843f;;CSV;;2;customer_address | facility;;2026-09-27T08:01:28.1690426+00:00;2026-09-27T08:01:28.1690426+00:00;2026-06-14T10:00:00.0000000+00:00
;;product_cost;Completed;Dev. completed;;;position_record;c7fa3187-68c0-4153-a99c-cd38462d56e2;;CSV;;2;certification_record | position_record;;2026-09-27T08:01:28.1690426+00:00;2026-09-27T08:01:28.1690426+00:00;2026-07-01T10:00:00.0000000+00:00
;;product_supplier;Ready;Rework needed;;;skill_record;bbd671dd-7e30-48d4-bb2c-304cc204edfb;;CSV;;2;skill_record | supplier_profile;;2026-09-27T08:01:28.1690426+00:00;2026-09-27T08:01:28.1690426+00:00;2026-07-07T10:00:00.0000000+00:00
;;purchase_order_line;In progress;In progress;;;stock_reservation;354661ad-3590-4440-9d71-5c1db6b4b890;;CSV;;4;country_code | sales_return_line | stock_reservation | supplier_contract;;2026-09-27T08:01:28.1690426+00:00;2026-09-27T08:01:28.1690426+00:00;2026-06-13T10:00:00.0000000+00:00
;;product_brand;Completed;Dev. completed;;;;6e46b514-726f-4127-87dc-f572abf2cb76;;CSV;;3;language_code | measurement_unit | team_record;;2026-09-27T08:01:28.1690426+00:00;2026-09-27T08:01:28.1690426+00:00;2026-06-10T10:00:00.0000000+00:00
;;inventory_balance;Ready;Rework needed;;;;c566f530-b75a-42f5-8e56-6514deee9d79;;CSV;;1;supplier_profile;;2026-09-27T08:01:28.1690426+00:00;2026-09-27T08:01:28.1690426+00:00;2026-09-27T10:00:00.0000000+00:00
;;inventory_count;In progress;In progress;;;;3845a627-fae3-4102-9cd6-6a9032b7612d;;CSV;;2;product_cost | tax_category;;2026-09-27T08:01:28.1690426+00:00;2026-09-27T08:01:28.1690426+00:00;2026-07-19T10:00:00.0000000+00:00
;;inventory_snapshot;Reconciled;Reconciled;;;;cd666454-36c4-42b5-abca-3d5c6430bfd8;;CSV;;4;employee_contact | product_supplier | supplier_profile | time_zone;;2026-09-27T08:01:28.1690426+00:00;2026-09-27T08:01:28.1690426+00:00;2026-09-14T10:00:00.0000000+00:00
;;delivery_attempt;Completed;Dev. completed;;;purchase_order_line;3eb640a6-b68b-4080-bb15-cf81794b531d;;CSV;;1;purchase_order_line;;2026-09-27T08:01:28.1690426+00:00;2026-09-27T08:01:28.1690426+00:00;2026-08-28T10:00:00.0000000+00:00
;;product_variant;Completed;Dev. completed;;;employee_schedule;81ebd044-36ea-4e90-83ee-93a2ad0ba2ea;;CSV;;5;customer_profile | employee_schedule | measurement_unit | product_brand | supplier_address;;2026-09-27T08:01:28.1690426+00:00;2026-09-27T08:01:28.1690426+00:00;2026-06-05T10:00:00.0000000+00:00
;;product_bundle;Completed;Dev. completed;;;employee_schedule, status_code;d61d219d-188b-4e37-b448-0c5c10237342;;CSV;;3;employee_schedule | product_variant | status_code;;2026-09-27T08:01:28.1690426+00:00;2026-09-27T08:01:28.1690426+00:00;2026-08-07T10:00:00.0000000+00:00
;;product_inventory;Ready;Rework needed;;;region_code;5b943beb-7468-4daa-9485-05d077883d2a;;CSV;;3;measurement_unit | region_code | supplier_contract;;2026-09-27T08:01:28.1690426+00:00;2026-09-27T08:01:28.1690426+00:00;2026-09-07T10:00:00.0000000+00:00
;;stock_adjustment;Completed;Dev. completed;;;;1de96037-caa3-4516-a181-18a97e3fe6ef;;CSV;;1;supplier_contact;;2026-09-27T08:01:28.1690426+00:00;2026-09-27T08:01:28.1690426+00:00;2026-08-06T10:00:00.0000000+00:00
;;employee_assignment;Ready;Rework needed;;;structure;5e15315b-491a-49fb-aa75-81713883d9c0;;CSV;;2;customer_profile | structure;;2026-09-27T08:01:28.1690426+00:00;2026-09-27T08:01:28.1690426+00:00;2026-08-29T10:00:00.0000000+00:00
;;package_item;In progress;In progress;;;;49a418a1-3042-4186-830f-f7cbdb133562;;CSV;;1;inventory_snapshot;;2026-09-27T08:01:28.1690426+00:00;2026-09-27T08:01:28.1690426+00:00;2026-08-29T10:00:00.0000000+00:00
;;purchase_return;In progress;In progress;;;employee_role, skill_record;49915701-34de-44a4-a03d-cda38c98fc95;;CSV;;3;employee_role | priority_level | skill_record;;2026-09-27T08:01:28.1690426+00:00;2026-09-27T08:01:28.1690426+00:00;2026-09-05T10:00:00.0000000+00:00
;;sales_quote;Reconciled;Reconciled;;;employee_schedule;d865aa71-35c8-47b8-ac40-731b75add1e1;;CSV;;2;employee_contact | employee_schedule;;2026-09-27T08:01:28.1690426+00:00;2026-09-27T08:01:28.1690426+00:00;2026-06-29T10:00:00.0000000+00:00
;;billing_account;Reconciled;Reconciled;;;package_item;a9095b5d-343a-4f46-a623-d05c26b66f29;;CSV;;3;customer_preference | package_item | product_inventory;;2026-09-27T08:01:28.1690426+00:00;2026-09-27T08:01:28.1690426+00:00;2026-09-02T10:00:00.0000000+00:00
;;billing_schedule;In progress;In progress;;;inventory_count;2cc4b01b-887a-4624-8c53-95fc7868b5a1;;CSV;;1;inventory_count;;2026-09-27T08:01:28.1690426+00:00;2026-09-27T08:01:28.1690426+00:00;2026-09-24T10:00:00.0000000+00:00
;;budget_record;In progress;In progress;;;;b87302d9-583a-427c-bcf5-7a77569aa384;;CSV;;1;delivery_attempt;;2026-09-27T08:01:28.1690426+00:00;2026-09-27T08:01:28.1690426+00:00;2026-07-18T10:00:00.0000000+00:00
;;delivery_record;In progress;In progress;;;stock_reservation;39796273-6507-40f6-809b-a0c3c7606f6c;;CSV;;1;stock_reservation;;2026-09-27T08:01:28.1690426+00:00;2026-09-27T08:01:28.1690426+00:00;2026-08-16T10:00:00.0000000+00:00
;;product_attribute;Reconciled;Reconciled;;;department_record;96d05126-a641-43f7-ad00-5864a48d4f17;;CSV;;2;department_record | product_brand;;2026-09-27T08:01:28.1690426+00:00;2026-09-27T08:01:28.1690426+00:00;2026-07-18T10:00:00.0000000+00:00
;;product_category;Completed;Dev. completed;;;;4b67687a-9900-4f8b-bd61-2b76ee447f30;;CSV;;2;employee_record | supplier_contract;;2026-09-27T08:01:28.1690426+00:00;2026-09-27T08:01:28.1690426+00:00;2026-07-24T10:00:00.0000000+00:00
;;purchase_receipt;Waiting on dependencies;Not started;;;sales_discount, supplier_account;be45057d-ba3a-444c-8a85-1709581e5754;;CSV;;3;document_type | sales_discount | supplier_account;;2026-09-27T08:01:28.1690426+00:00;2026-09-27T08:01:28.1690426+00:00;2026-07-27T10:00:00.0000000+00:00
;;sales_invoice_line;Ready;Not started;;;;1027ee48-642a-44b5-ad30-c50da8650716;;CSV;;3;currency_code | employee_contact | supplier_profile;;2026-09-27T08:01:28.1690426+00:00;2026-09-27T08:01:28.1690426+00:00;2026-08-23T10:00:00.0000000+00:00
;;sales_order_line;Ready;Not started;;;;3d09ad8a-6cdb-4ce8-a693-0466744dd22b;;CSV;;2;stock_adjustment | tax_category;;2026-09-27T08:01:28.1690426+00:00;2026-09-27T08:01:28.1690426+00:00;2026-06-12T10:00:00.0000000+00:00
;;billing_cycle;In progress;In progress;;;warehouse_record;b2270c65-821e-4332-916f-5d799da553d3;;CSV;;2;product_bundle | warehouse_record;;2026-09-27T08:01:28.1690426+00:00;2026-09-27T08:01:28.1690426+00:00;2026-06-16T10:00:00.0000000+00:00
;;general_ledger_account;Completed;Dev. completed;;;;fe2e5dd6-a8f4-4f3f-9712-9b12cc1165c7;;CSV;;3;sales_quote | sales_return_line | supplier_contact;;2026-09-27T08:01:28.1690426+00:00;2026-09-27T08:01:28.1690426+00:00;2026-09-17T10:00:00.0000000+00:00
;;inventory_movement;Ready;Rework needed;;;;c4f900b8-143d-4b08-96bf-291b50b37348;;CSV;;2;supplier_contact | team_record;;2026-09-27T08:01:28.1690426+00:00;2026-09-27T08:01:28.1690426+00:00;2026-06-12T10:00:00.0000000+00:00
;;journal_entry;Completed;Dev. completed;;;employee_schedule;64f4d6d1-5479-4d88-b009-c1448b482c96;;CSV;;1;employee_schedule;;2026-09-27T08:01:28.1690426+00:00;2026-09-27T08:01:28.1690426+00:00;2026-07-13T10:00:00.0000000+00:00
;;reorder_rule;In progress;In progress;;;skill_record;8e114250-d659-40b2-b78e-b9976fe84a19;;CSV;;2;inventory_balance | skill_record;;2026-09-27T08:01:28.1690426+00:00;2026-09-27T08:01:28.1690426+00:00;2026-06-01T10:00:00.0000000+00:00
;;sales_order;In progress;In progress;;;;06164b59-f817-4106-867a-65ee949728f2;;CSV;;2;product_cost | supplier_contract;;2026-09-27T08:01:28.1690426+00:00;2026-09-27T08:01:28.1690426+00:00;2026-09-03T10:00:00.0000000+00:00
;;credit_note;Waiting on dependencies;Not started;;;department_record, purchase_order_line, sales_invoice_line;c8cfb1ed-fcdf-4d9d-9e95-05a3ed72800d;;CSV;;3;department_record | purchase_order_line | sales_invoice_line;;2026-09-27T08:01:28.1690426+00:00;2026-09-27T08:01:28.1690426+00:00;2026-09-27T10:00:00.0000000+00:00
;;journal_entry_line;Completed;Dev. completed;;;billing_schedule, delivery_record;5dbcc4dd-cc10-43a1-80c2-223788d16bc0;;CSV;;2;billing_schedule | delivery_record;;2026-09-27T08:01:28.1690426+00:00;2026-09-27T08:01:28.1690426+00:00;2026-08-27T10:00:00.0000000+00:00
;;package_record;Completed;Dev. completed;;;position_record;793bacd3-f668-497c-8da0-bb370f52cf4a;;CSV;;4;employee_assignment | position_record | product_attribute | sales_return_line;;2026-09-27T08:01:28.1690426+00:00;2026-09-27T08:01:28.1690426+00:00;2026-06-07T10:00:00.0000000+00:00
;;product_price;In progress;In progress;;;;d87afcef-a3c9-4afb-a67a-058c4c49caf3;;CSV;;1;product_category;;2026-09-27T08:01:28.1690426+00:00;2026-09-27T08:01:28.1690426+00:00;2026-09-01T10:00:00.0000000+00:00
;;purchase_order;Reconciled;Reconciled;;;inventory_count;c901cdc5-9e50-4ca3-8b8d-24d3e8859ff7;;CSV;;2;inventory_balance | inventory_count;;2026-09-27T08:01:28.1690426+00:00;2026-09-27T08:01:28.1690426+00:00;2026-07-25T10:00:00.0000000+00:00
;;shipment_record;In progress;In progress;;;stock_reservation;535d73b8-1969-4ee1-a14e-9ca54d3864d6;;CSV;;3;customer_preference | inventory_movement | stock_reservation;;2026-09-27T08:01:28.1690426+00:00;2026-09-27T08:01:28.1690426+00:00;2026-09-10T10:00:00.0000000+00:00
;;storage_bin;In progress;In progress;;;;53104e10-10aa-496c-a796-10918b4a3dbd;;CSV;;2;product_cost | supplier_contact;;2026-09-27T08:01:28.1690426+00:00;2026-09-27T08:01:28.1690426+00:00;2026-07-17T10:00:00.0000000+00:00
;;task_assignment;In progress;In progress;;;sales_order_line;d56cbcfb-ac92-4ed2-98d8-77d2857047fd;;CSV;;2;certification_record | sales_order_line;;2026-09-27T08:01:28.1690426+00:00;2026-09-27T08:01:28.1690426+00:00;2026-09-15T10:00:00.0000000+00:00
;;contract_record;Completed;Dev. completed;;;budget_record;3112c180-5844-4c24-a028-8e7af50c8ea7;;CSV;;3;budget_record | employee_contact | product_supplier;;2026-09-27T08:01:28.1690426+00:00;2026-09-27T08:01:28.1690426+00:00;2026-08-11T10:00:00.0000000+00:00
;;expense_category;Reconciled;Reconciled;;;purchase_order_line;eb6f9830-2363-493c-b3be-916087eb0529;;CSV;;3;inventory_snapshot | journal_entry_line | purchase_order_line;;2026-09-27T08:01:28.1690426+00:00;2026-09-27T08:01:28.1690426+00:00;2026-08-19T10:00:00.0000000+00:00
;;freight_rate;In progress;In progress;;;shipment_record;5db002a5-c4b7-49df-a6cd-21a83472bb62;;CSV;;2;certification_record | shipment_record;;2026-09-27T08:01:28.1690426+00:00;2026-09-27T08:01:28.1690426+00:00;2026-09-17T10:00:00.0000000+00:00
;;sales_channel;In progress;In progress;;;region_code, stock_reservation;270edd0c-e36b-4326-a1e7-56c1dfe8555b;;CSV;;4;customer_profile | region_code | stock_reservation | time_zone;;2026-09-27T08:01:28.1690426+00:00;2026-09-27T08:01:28.1690426+00:00;2026-08-26T10:00:00.0000000+00:00
;;service_request;Completed;Dev. completed;;;billing_cycle, stock_reservation;67d9f798-369d-4f69-b50b-1f1b83bf92cb;;CSV;;3;billing_cycle | product_supplier | stock_reservation;;2026-09-27T08:01:28.1690426+00:00;2026-09-27T08:01:28.1690426+00:00;2026-08-24T10:00:00.0000000+00:00
;;shipment_route;Completed;Dev. completed;;;purchase_order_line, region_code;2bc9aeb5-3796-4095-a89a-d08c86ff8afb;;CSV;;4;employee_contact | inventory_balance | purchase_order_line | region_code;;2026-09-27T08:01:28.1690426+00:00;2026-09-27T08:01:28.1690426+00:00;2026-09-21T10:00:00.0000000+00:00
;;support_comment;Ready;Rework needed;;;purchase_return;dd421c18-5da0-407e-a853-6775098f80f4;;CSV;;3;general_ledger_account | product_supplier | purchase_return;;2026-09-27T08:01:28.1690426+00:00;2026-09-27T08:01:28.1690426+00:00;2026-07-04T10:00:00.0000000+00:00
;;tracking_event;Reconciled;Reconciled;;;customer_address;6b54a044-5c4a-49ff-bc9b-e20efdf94a24;;CSV;;2;customer_address | employee_assignment;;2026-09-27T08:01:28.1690426+00:00;2026-09-27T08:01:28.1690426+00:00;2026-06-28T10:00:00.0000000+00:00
;;account_balance;Reconciled;Reconciled;;;reorder_rule;7d64ff13-598a-48db-8586-dd92ead99981;;CSV;;2;billing_account | reorder_rule;;2026-09-27T08:01:28.1690426+00:00;2026-09-27T08:01:28.1690426+00:00;2026-08-10T10:00:00.0000000+00:00
;;audit_detail;In progress;In progress;;;;ac3f5624-ece6-4241-9622-51a6df4c1352;;CSV;;2;journal_entry | sales_return;;2026-09-27T08:01:28.1690426+00:00;2026-09-27T08:01:28.1690426+00:00;2026-07-03T10:00:00.0000000+00:00
;;audit_event;Waiting on dependencies;Not started;;;customer_address, freight_rate;ac236049-8bb6-4a5b-ba2b-e32690ddbf77;;CSV;;2;customer_address | freight_rate;;2026-09-27T08:01:28.1690426+00:00;2026-09-27T08:01:28.1690426+00:00;2026-08-13T10:00:00.0000000+00:00
;;billing_event;Waiting on dependencies;Not started;;;billing_cycle;acd40b73-338a-487f-8df7-ed3cb8c02936;;CSV;;3;billing_account | billing_cycle | inventory_balance;;2026-09-27T08:01:28.1690426+00:00;2026-09-27T08:01:28.1690426+00:00;2026-09-09T10:00:00.0000000+00:00
;;budget_line;Completed;Dev. completed;;;product_price;11faa58a-9430-47cc-b710-4aae89ef9115;;CSV;;1;product_price;;2026-09-27T08:01:28.1690426+00:00;2026-09-27T08:01:28.1690426+00:00;2026-08-27T10:00:00.0000000+00:00
;;carrier_record;Reconciled;Reconciled;;;purchase_receipt;11013205-2065-4c0e-89ac-171a6280ced4;;CSV;;2;customer_profile | purchase_receipt;;2026-09-27T08:01:28.1690426+00:00;2026-09-27T08:01:28.1690426+00:00;2026-07-16T10:00:00.0000000+00:00
;;contract_document;Completed;Dev. completed;;;;bd90ed01-d710-4e13-8690-384d7678d21e;;CSV;;2;contract_record | product_bundle;;2026-09-27T08:01:28.1690426+00:00;2026-09-27T08:01:28.1690426+00:00;2026-08-01T10:00:00.0000000+00:00
;;contract_party;Completed;Dev. completed;;;sales_order;4d0052e3-10b4-4ea1-9c36-54f6ee071826;;CSV;;2;sales_order | stock_adjustment;;2026-09-27T08:01:28.1690426+00:00;2026-09-27T08:01:28.1690426+00:00;2026-06-24T10:00:00.0000000+00:00
;;contract_renewal;Ready;Rework needed;;;customer_address, supplier_account;622ae779-c600-4d5c-9d9a-2fd0c3a71cb5;;CSV;;4;customer_address | general_ledger_account | product_supplier | supplier_account;;2026-09-27T08:01:28.1690426+00:00;2026-09-27T08:01:28.1690426+00:00;2026-06-03T10:00:00.0000000+00:00
;;contract_term;In progress;In progress;;;budget_record, status_code;7fd8a639-cc57-4810-b064-3b79e5cb4ae0;;CSV;;3;budget_record | purchase_order | status_code;;2026-09-27T08:01:28.1690426+00:00;2026-09-27T08:01:28.1690426+00:00;2026-08-08T10:00:00.0000000+00:00
;;cost_center;In progress;In progress;;;storage_bin;0355a9e1-0864-42aa-96b1-b2d632ff6945;;CSV;;1;storage_bin;;2026-09-27T08:01:28.1690426+00:00;2026-09-27T08:01:28.1690426+00:00;2026-06-18T10:00:00.0000000+00:00
;;dashboard_definition;Completed;Dev. completed;;;budget_record, department_record;6b2527e5-8bc4-40e8-8a67-195ec0929b10;;CSV;;4;budget_record | department_record | package_record | service_request;;2026-09-27T08:01:28.1690426+00:00;2026-09-27T08:01:28.1690426+00:00;2026-06-04T10:00:00.0000000+00:00
;;dashboard_widget;In progress;In progress;;;credit_note, purchase_return;ad025adb-e2c1-4493-8370-1f9d36ff3db9;;CSV;;2;credit_note | purchase_return;;2026-09-27T08:01:28.1690426+00:00;2026-09-27T08:01:28.1690426+00:00;2026-06-15T10:00:00.0000000+00:00
;;expense_approval;In progress;In progress;;;;b80fc5a3-25a6-4c5f-89bf-cf2f99f1bbb6;;CSV;;1;product_bundle;;2026-09-27T08:01:28.1690426+00:00;2026-09-27T08:01:28.1690426+00:00;2026-09-15T10:00:00.0000000+00:00
;;fiscal_period;In progress;In progress;;;credit_note, purchase_receipt;daacca70-ea5e-4c02-9aa5-7e5e6344561a;;CSV;;5;credit_note | delivery_attempt | product_record | purchase_receipt | tracking_event;;2026-09-27T08:01:28.1690426+00:00;2026-09-27T08:01:28.1690426+00:00;2026-08-03T10:00:00.0000000+00:00
;;notification_delivery;In progress;In progress;;;purchase_receipt, purchase_return;931d1f14-2655-42d3-8b97-3fa9612c057b;;CSV;;2;purchase_receipt | purchase_return;;2026-09-27T08:01:28.1690426+00:00;2026-09-27T08:01:28.1690426+00:00;2026-06-14T10:00:00.0000000+00:00
;;notification_record;In progress;In progress;;;;8c171ad9-5951-4543-a700-9ae14695c799;;CSV;;2;measurement_unit | product_attribute;;2026-09-27T08:01:28.1690426+00:00;2026-09-27T08:01:28.1690426+00:00;2026-07-01T10:00:00.0000000+00:00
;;notification_template;In progress;In progress;;;;73e807ce-fb06-42db-852e-e354e764e9f6;;CSV;;2;customer_profile | support_comment;;2026-09-27T08:01:28.1690426+00:00;2026-09-27T08:01:28.1690426+00:00;2026-06-09T10:00:00.0000000+00:00
;;payment_allocation;Waiting on dependencies;Not started;;;delivery_record;b76350dd-402d-45c6-b12a-04312a46bb91;;CSV;;1;delivery_record;;2026-09-27T08:01:28.1690426+00:00;2026-09-27T08:01:28.1690426+00:00;2026-08-10T10:00:00.0000000+00:00
;;payment_method;In progress;In progress;;;sales_order_line;5689cbff-828c-40af-9e29-d7eee0902d3b;;CSV;;3;sales_order_line | tax_category | time_zone;;2026-09-27T08:01:28.1690426+00:00;2026-09-27T08:01:28.1690426+00:00;2026-07-07T10:00:00.0000000+00:00
;;payment_record;In progress;In progress;;;product_price;7def89f8-d224-4c42-93cd-5ec1f22e338e;;CSV;;2;product_price | shipment_route;;2026-09-27T08:01:28.1690426+00:00;2026-09-27T08:01:28.1690426+00:00;2026-06-28T10:00:00.0000000+00:00
;;project_phase;Waiting on dependencies;Not started;;;sales_discount;e1515454-6f67-46cc-a3a7-575530aa5b50;;CSV;;2;product_supplier | sales_discount;;2026-09-27T08:01:28.1690426+00:00;2026-09-27T08:01:28.1690426+00:00;2026-06-02T10:00:00.0000000+00:00
;;project_record;In progress;In progress;;;;870feb96-c3b5-4884-a9c0-209d815fb6a4;;CSV;;2;employee_contact | product_category;;2026-09-27T08:01:28.1690426+00:00;2026-09-27T08:01:28.1690426+00:00;2026-09-21T10:00:00.0000000+00:00
;;project_task;Completed;Dev. completed;;;;6644069a-80d1-49fb-ab57-84a2e77f1865;;CSV;;1;purchase_order;;2026-09-27T08:01:28.1690426+00:00;2026-09-27T08:01:28.1690426+00:00;2026-07-30T10:00:00.0000000+00:00
;;purchase_receipt_line;Reconciled;Reconciled;;;warehouse_record;0dc5a3bf-ff36-4a30-a85e-221ccd447e5b;;CSV;;3;product_inventory | team_record | warehouse_record;;2026-09-27T08:01:28.1690426+00:00;2026-09-27T08:01:28.1690426+00:00;2026-06-03T10:00:00.0000000+00:00
;;refund_record;In progress;In progress;;;sales_order;fcd4966d-d38d-4a5b-9662-df8c2af96a39;;CSV;;2;language_code | sales_order;;2026-09-27T08:01:28.1690426+00:00;2026-09-27T08:01:28.1690426+00:00;2026-06-26T10:00:00.0000000+00:00
;;report_definition;In progress;In progress;;;sales_invoice_line;d50173f9-0734-49cf-9f9c-4280b6c0ed89;;CSV;;3;country_code | sales_invoice_line | supplier_contact;;2026-09-27T08:01:28.1690426+00:00;2026-09-27T08:01:28.1690426+00:00;2026-07-16T10:00:00.0000000+00:00
;;report_run;Waiting on dependencies;Not started;;;sales_channel;0ac9e469-2f2e-4202-8c9a-e1648c9a3198;;CSV;;2;sales_channel | tax_category;;2026-09-27T08:01:28.1690426+00:00;2026-09-27T08:01:28.1690426+00:00;2026-09-19T10:00:00.0000000+00:00
;;sales_invoice;Waiting on dependencies;Not started;;;reorder_rule;df7d7f64-11a6-4f04-afd8-52213a53233a;;CSV;;2;reorder_rule | sales_quote;;2026-09-27T08:01:28.1690426+00:00;2026-09-27T08:01:28.1690426+00:00;2026-07-30T10:00:00.0000000+00:00
;;sales_quote_line;Waiting on dependencies;Not started;;;storage_bin;0df7a75f-a9c6-4c08-9db3-6a67f5f52ae5;;CSV;;4;currency_code | priority_level | storage_bin | supplier_contract;;2026-09-27T08:01:28.1690426+00:00;2026-09-27T08:01:28.1690426+00:00;2026-09-03T10:00:00.0000000+00:00
;;service_assignment;Waiting on dependencies;Not started;;;status_code;227b15ec-2649-4b90-8897-52cc8d4cec0e;;CSV;;2;journal_entry | status_code;;2026-09-27T08:01:28.1690426+00:00;2026-09-27T08:01:28.1690426+00:00;2026-06-19T10:00:00.0000000+00:00
;;service_catalog;In progress;In progress;;;billing_schedule, purchase_receipt;0aa42f90-d0a8-4af5-8e0d-f2362387ed7d;;CSV;;3;billing_schedule | journal_entry | purchase_receipt;;2026-09-27T08:01:28.1690426+00:00;2026-09-27T08:01:28.1690426+00:00;2026-08-02T10:00:00.0000000+00:00
;;service_event;Reconciled;Reconciled;;;sales_order, task_assignment;0c756e5e-f7cf-4a4e-b6f6-db8c29ea29cc;;CSV;;2;sales_order | task_assignment;;2026-09-27T08:01:28.1690426+00:00;2026-09-27T08:01:28.1690426+00:00;2026-07-20T10:00:00.0000000+00:00
;;shipment_item;Ready;Not started;;;;d4bcc03d-87d7-4dac-8798-8d6534845998;;CSV;;2;product_cost | supplier_contact;;2026-09-27T08:01:28.1690426+00:00;2026-09-27T08:01:28.1690426+00:00;2026-08-09T10:00:00.0000000+00:00
;;support_category;Completed;Dev. completed;;;employee_role, status_code;816baf34-d006-4411-a3b5-92cf1310c204;;CSV;;3;delivery_attempt | employee_role | status_code;;2026-09-27T08:01:28.1690426+00:00;2026-09-27T08:01:28.1690426+00:00;2026-08-02T10:00:00.0000000+00:00
;;support_priority;Reconciled;Reconciled;;;;787ecf33-007e-4118-b38b-0d60dbb68d80;;CSV;;1;expense_category;;2026-09-27T08:01:28.1690426+00:00;2026-09-27T08:01:28.1690426+00:00;2026-06-23T10:00:00.0000000+00:00
;;support_resolution;In progress;In progress;;;;100a618e-d501-4497-9e27-7abee4a3ee79;;CSV;;1;package_record;;2026-09-27T08:01:28.1690426+00:00;2026-09-27T08:01:28.1690426+00:00;2026-07-11T10:00:00.0000000+00:00
;;support_ticket;Ready;Rework needed;;;customer_address, reorder_rule;999580fd-13b5-4a2f-b031-fce2644b82e9;;CSV;;3;billing_account | customer_address | reorder_rule;;2026-09-27T08:01:28.1690426+00:00;2026-09-27T08:01:28.1690426+00:00;2026-08-28T10:00:00.0000000+00:00
;;task_dependency;Completed;Dev. completed;;;purchase_return, task_assignment;36f0b163-501b-46e8-97f5-2e05ab5f5f7a;;CSV;;2;purchase_return | task_assignment;;2026-09-27T08:01:28.1690426+00:00;2026-09-27T08:01:28.1690426+00:00;2026-09-19T10:00:00.0000000+00:00
;;TEST;Waiting on dependencies;Not started;;;qwerty;8f09faba-2b4c-487f-80f9-83900d3084d4;;Manual only;;2;billing_account | qwerty;;2026-09-29T20:31:06.5255596+00:00;2026-09-29T20:31:06.5255596+00:00;2026-09-29T20:31:06.5255596+00:00
;;warehouse_zone;Completed;Dev. completed;;;;5b65f6fa-fe5e-4fec-8865-0767d4596a15;;CSV;;2;product_record | supplier_address;;2026-09-27T08:01:28.1690426+00:00;2026-09-27T08:01:28.1690426+00:00;2026-08-12T10:00:00.0000000+00:00
